0,"
1수지, ‘백두산’ 800만 기념 ‘만삭 사진’ 공개 “놀람주의”
"
1,"
2[단독] 강용석 ""내 아내, 장지연 모른다""는 거짓...문자메시지 입수
"
2,"
3최연수, 父 최현석 ‘국민장인’ 등극케 한 물오른 미모
"
3,"
4[단독]최현석, 해킹+사문서 위조 의혹→레스토랑 오픈 강행→방송가도 '빨간불' (종합)
"
4,"
5'공부가 머니?' 김민우 부녀, 서로를 향한 무한 배려..스튜디오 눈물바다
"
5,"
6‘공부가 머니?’ 김민우 “희귀병으로 세상 떠난 아내, 어린 딸 일찍 철들어”
"
6,"
7'스토브리그' 남궁민, 감독 리더십↑+유망주 호주 리그 파견…""의도한 갈등이었다""(종합)
"
7,"
8'-12.5kg' 한혜연, 이시언도 댓글 단 '슈퍼 스타일링'…""뽕뺀데이""
"
8,"
9'유지태♥' 김효진, 군살제로 몸매의 비결? 다리 일자 벌리기도 거뜬
"
9,"
10'슈가맨3' 미니홈피 감성 담은 프리스타일X정희경→여행스케치 소환 성공 [종합]
"
10,"






스트레이키즈 한, 필릭스 뭐하니? 

스타 공항패션



"
11,"






'젠틀맨' 캐릭터 포스터…매튜 맥커너…

영화·TV 포스터 



"
12,"






유라, 반짝반짝 피부미인

행사장 속 스타



"
13,"






 윤하, '새벽을 밝히는 미모'

방송국 출근길



"
14,"





'스토브리그' 남궁민, 박소진과 인터뷰에 ""우리팀은 훈련이 필요하…

헤럴드POP


"
15,"

""LP바 좋아하세요?"" 한 음악평론가의 이유있는 '리퀘스트'

"
16,"

'해치지않아' 강소라 ""올해 독립 예정, 연애하고 싶어요"" 

"
17,"

'해치지않아' 강소라 ""사자 연기, 메이크업 필요 없어 편했죠"" 

"
18,"

 '히트맨' 정준호 ""7년 만에 선택한 코미디물…거침없이 애드리브 던졌죠""

"
19,"

 코코 ""코코소리 해체, 팬들에게 너무 죄송해요""

"
20,"





'핸섬 타이거즈' 서장훈, 체력테스트에 한숨 ""문수인·차은우·유선호·줄리…

댓글수0


"
21,"





""난 끊을 생각 없어""...'나 혼자 산다' 성훈, 이시언에 전자담배 뺏…

댓글수0


"
22,"





'모던패밀리' 이재용 ""재혼 1년 만에 암 투병... 아내 권유로 늦둥이…

댓글수0


"
23,"





'라끼남' 강호동, 김장하다 라면 말고 짜장라면 먹방 [콕TV]

댓글수0


"
24,"





'편스토랑' 심영순, 이혜성에 ""전현무와 빨리 결혼해요"" 채근

댓글수0


"
25,"





'스토브리그' 하도권VS남궁민, 선수들 권리를 두고 갈등… ""이번엔 저희…

댓글수0


"
26,"





'슈가맨3' 프리스타일&여행스케치 소환…권진아X서동현 勝 (종합)

댓글수0


"
27,"





""정말 나 사랑하는구나""..박시은♥진태현, 여전히 꿀 떨어지는 잉꼬부부

댓글수0


"
28,"





'시차 적응 실패' 이서진, 자고 일어났더니 이벤트 당첨[결정적장면]

댓글수0


"
29,"





'금요일 금요일 밤에' 이승기, 한과공장 찾아 구슬땀 ""실수연발""

댓글수0


"
30,"





'배틀트립' 김산호, 모델 출신답게 대만 타이동에서 포토스팟 '장악' 찍…

댓글수0


"
31,"





슬리피 ""신인상 받아도 수입無→어머니 주방일, 참을 수 없었다"" ('TV…

댓글수0


"
32,"





박중훈 ""'너목보7' 주위에서 모두 나가라고 하더라""

댓글수0


"
33,"





손태영, 애둘맘 맞아?..'몸짱' 권상우가 사랑한 '국보급' 몸매 [★S…

댓글수0


"
34,"





이상윤, 새신랑 김승현에 ""'VIP'로 간접경험, 절대 바람 피지 마""

댓글수0


"
35,"





'초콜릿' 장승조, 윤계상에 ""너희 아버지가 유일한 적자"" 진실 폭로

댓글수0


"
36,"





'터치' 윤희석, 막내만 10년 과거 김보라 ""연습생 10년 해봐서 이해…

댓글수0


"
37,"





""시댁가는 길♥""..김빈우, 훈남 남편+아이들과 함께 행복 일상

댓글수0


"
38,"





함소원 딸 혜정, 누가 봐도 리틀 '♥진화'..너무 예쁜 눈동자

댓글수0


"
39,"





이재욱, 갈수록 더 잘생겨지네..훈훈함 폭발하는 근황

댓글수0


"
40,"





'금금밤' 은지원 ""내 자식 이름=은우주..외계생명체 100% 있어""[O…

댓글수0


"
41,"





강한나·금새록·박초롱·이주영, '런닝맨' 커플레이스 출격

댓글수0


"
42,"





이영자 하차, 빈자리 누가 채우나

댓글수0


"
43,"





안소희, 겨울에도 변함없는 '분위기 여신' [★해시태그]

댓글수0


"
44,"





'우아한 모녀' 지수원, 최명길 사진에 충격…""진짜 복수하러 온 거냐""

댓글수0


"
45,"





""2020년, 작년 받은 사랑 보답할 것""..이은상, 엑스원 해체 후 첫…

댓글수0


"
46,"





'전참시', 손이 많이 가는 하니의 하루 공개

댓글수0


"
47,"





오대환, 투어테인먼트와 전속계약...열일도 예약 [공식]

댓글수0


"
48,"





""처음엔 저도 이랬습니다""..지코, '아무노래 챌린지' NG모음 대방출

댓글수0


"
49,"





김우석, 팬들 밤잠 설치게 할 비주얼 '국보지정 시급한 잘생김'[SNS★…

댓글수0


"
50,"





'끝까지간다' 12살 탈북 소년, 접견 국가서 6년만 부모 만났다 '눈물…

댓글수0


"
51,"





러블리즈 지수, '지수로그' 전격 공개…수학 콘텐츠 아님 주의 [영상]

댓글수0


"
52,"





""퇴출 요구, 답변 없을 시 시위 감행""..엑소 첸, 결혼+임신 발표 후…

댓글수0


"
53,"





성유리, 청순美 돋보이는 미소 [HI★뭐하세요?]

댓글수0


"
54,"





방탄소년단, '블랙스완' 차트 점령→선주문량 최다 기록…역대급 컴백 시동…

댓글수0


"
55,"





이효리, 한남동 50억 빌딩 매입..이상순과 공동 명의

댓글수0


"
56,"





조이, 귀여움+상큼함 장착..'러블리 끝판왕'

댓글수0


"
57,"





사쿠라·나코(SAKURA·NAKO), ""언제나 위즈원이 함께해"" [공항패…

댓글수0


"
58,"





김민아, 장성규 '워크맨' 출연…찜질방 직원에 ""사장님한테 돈 빌렸냐"" …

댓글수0


"
59,"





'꽃길만 걸어요' 최윤소, 분가 자금 비밀 알았다→양희경 원망+폭풍 오열

댓글수0


"
60,"





유재석, 펭수 위해 EBS行 ""선배님이 칭찬해 줬어요""[SS이슈]

댓글수0


"
61,"





""사랑스러워"" 인간 꽃 선미(SUNMI) [O! STAR]

댓글수0


"
62,"





명랑 핫도그 명랑하게 먹는 오마이걸 효정

댓글수0


"
63,"





이성경, 커피차 보내준 장기용에 ""깜짝 선물 고마워""

댓글수0


"
64,"





하지원, 호주 산불 피해에 도움 호소 ""우리 모두의 문제..마음 아파""

댓글수0


"
65,"





아이유, 이런 모습이? '도도한 섹시미'

댓글수0


"
66,"





노홍철, '홍철책빵' 개업..""빵, 나오기만 하면 매진""

댓글수0


"
67,"





윤성호 ""母 여의도 유명 백반집 운영, IMF로 망했다""

댓글수0


"
68,"





미야와키 사쿠라, 귀여운 손 하트

댓글수0


"
69,"





최현석, 해킹 피해·사문서 위조 의혹→방송가 '빨간불'에도 여전히 침묵 …

댓글수0


"
70,"





[복GO를 찾아서]마지막 단관극장 '동광극장'을 가보다

"
71,"

`히트맨` 기안84,특별 출연…방송 이어 영화까지?(ft.김풍) [MK★무비컷]

"
72,"

2020년 1월 18·19일 [볼만한 주말영화]

"
73,"

""놀람주의"" 수지, 임산부 분장? 원인은 '백두산' 흥행 기념 [★SHOT!]

"
74,"

박희순, 안중근 된다..영화 '하얼빈' 출연 확정 [공식]

"
75,"

박희순 ‘하얼빈’ 안중근 역 출연확정 “뜨거운 이야기”(공식입장)

"
